-0.166769,0.008427,0.018423,0
-0.167782,0.002873,0.021421,0
-0.168127,-0.004914,0.02455,0
-0.164096,-0.007848,0.024193,0
-0.167773,-0.004186,0.024434,0
-0.171592,0.001909,0.021158,0
-0.169427,0.004298,0.0217,0
-0.16899,0.003806,0.021391,0
-0.172611,0.004753,0.021403,0
-0.173848,0.003972,0.021836,0
-0.169948,0.002666,0.022356,0
-0.172213,0.005295,0.021043,0
-0.168597,0.002367,0.022801,0
-0.170776,0.00688,0.020757,0
-0.166049,0.004882,0.01998,0
-0.171302,0.006624,0.021351,0
-0.164163,0.009431,0.020297,0
-0.161231,0.012389,0.016713,0
-0.159827,0.013617,0.016671,0
-0.163056,0.012415,0.017739,0
-0.169521,0.014883,0.017223,0
-0.172374,0.009561,0.020347,0
-0.170433,0.008163,0.020482,0
-0.169747,0.005221,0.019695,0
-0.169282,0.002866,0.021709,0
-0.16993,0.006841,0.020854,0
-0.161477,0.010144,0.018028,0
-0.162531,0.019228,0.014164,0
-0.160535,0.012732,0.016443,0
-0.160915,0.015918,0.016196,0
-0.164984,0.009725,0.019009,0
-0.165913,0.009186,0.01886,0
-0.166065,0.012396,0.018903,0
-0.171542,0.010126,0.01842,0
-0.168589,0.01083,0.019313,0
-0.169016,0.009149,0.019375,0
-0.16672,0.011116,0.018941,0
-0.166783,0.014379,0.017122,0
-0.164623,0.015656,0.016825,0
-0.162584,0.01572,0.01558,0
-0.163527,0.013233,0.016482,0
-0.165441,0.01231,0.017502,0
-0.166096,0.00809,0.019857,0
-0.167745,0.008912,0.019255,0
-0.169425,0.004645,0.020793,0
-0.176764,0.002282,0.023822,0
-0.177621,-1.9E-05,0.025185,0
-0.17551,0.000721,0.024098,0
-0.173821,0.003623,0.023277,0
-0.17257,0.003963,0.023431,0
-0.167495,0.009608,0.019344,0
-0.172664,0.009492,0.019291,0
-0.175923,0.008687,0.021402,0
-0.173913,0.007793,0.021672,0
-0.16668,0.004601,0.021981,0
-0.175712,0.002427,0.023515,0
-0.180857,0.001667,0.026451,0
-0.175519,-0.001781,0.0243,0
-0.174037,-0.000993,0.025256,0
-0.174352,0.004819,0.022213,0
-0.172867,0.007857,0.021723,0
-0.17426,0.008145,0.021602,0
-0.16995,0.008465,0.021215,0
-0.170506,0.006778,0.022551,0
-0.167191,0.008204,0.020817,0
-0.166358,0.008316,0.0184,0
-0.165359,0.013301,0.017313,0
-0.169429,0.011328,0.019534,0
-0.1704,0.013376,0.017391,0
-0.169023,0.009339,0.019579,0
-0.165829,0.006391,0.021132,0
-0.168601,0.005535,0.020474,0
-0.167873,0.003428,0.021695,0
-0.16402,0.004077,0.019883,0
-0.162593,0.006046,0.021017,0
-0.15981,0.006124,0.019398,0
-0.161335,0.005934,0.018973,0
-0.161015,0.001987,0.021261,0
-0.163408,-0.003288,0.021861,0
-0.171546,-0.008362,0.024455,0
-0.171104,-0.002717,0.024208,0
-0.171737,-0.004507,0.02426,0
-0.167005,0.000549,0.022442,0
-0.177875,0.00253,0.02349,0
-0.173191,0.004031,0.022529,0
-0.162172,0.006722,0.019215,0
-0.163065,0.008937,0.020052,0
-0.159685,0.010835,0.016157,0
-0.165922,0.008257,0.018234,0
-0.166116,0.008626,0.018411,0
-0.169554,0.006597,0.020807,0
-0.169213,0.007199,0.020238,0
-0.169901,0.005922,0.020046,0
-0.172228,0.001386,0.022746,0
-0.171371,0.00287,0.022546,0
-0.169933,0.00813,0.021032,0
-0.172577,0.009442,0.019674,0
-0.169916,0.005806,0.019754,0
-0.172734,-0.000663,0.024086,0
-0.173088,-0.001945,0.023611,0
-0.169193,-0.001315,0.022245,0
-0.176781,-0.001192,0.024884,0
-0.180687,0.000361,0.024831,0
-0.18151,-0.000881,0.026204,0
-0.17741,-0.001773,0.023097,0
-0.178763,-0.002555,0.02631,0
-0.176766,-0.001502,0.025352,0
-0.180585,-0.004802,0.028351,0
-0.182601,-0.010053,0.030325,0
-0.181753,-0.012452,0.029652,0
-0.183149,-0.011712,0.030215,0
-0.183164,-0.00467,0.028483,0
-0.178469,-0.000504,0.024376,0
-0.165582,0.002315,0.021346,0
-0.165857,0.004759,0.021437,0
-0.166692,0.002614,0.021167,0
-0.16628,0.009839,0.017683,0
-0.177229,0.006451,0.021846,0
-0.178456,0.003375,0.024017,0
-0.177388,0.002355,0.023864,0
-0.171228,0.005813,0.021646,0
-0.164704,0.005431,0.019527,0
-0.158863,0.006615,0.019167,0
-0.171726,0.002755,0.021697,0
-0.167892,0.004017,0.021628,0
-0.175958,0.003442,0.022944,0
-0.174597,0.004226,0.023307,0
-0.17479,0.004298,0.022515,0
-0.172721,0.004593,0.022469,0
-0.171622,0.005295,0.021912,0
-0.168828,0.004252,0.019687,0
-0.17339,0.00658,0.021638,0
-0.172414,0.003581,0.022996,0
-0.174378,0.004972,0.023794,0
-0.172359,0.009039,0.020765,0
-0.171671,0.006179,0.021327,0
-0.166158,0.00403,0.020531,0
-0.169605,0.00401,0.020679,0
-0.169944,0.002238,0.021832,0
-0.172102,0.002846,0.022427,0
-0.169213,0.002245,0.022717,0
-0.165017,0.007109,0.018751,0
-0.16853,0.00792,0.020422,0
-0.164552,0.008544,0.018657,0
-0.167238,0.011026,0.019489,0
-0.167638,0.012383,0.018739,0
-0.168188,0.013591,0.018324,0
-0.165812,0.012197,0.018392,0
-0.169022,0.011468,0.016884,0
-0.167564,0.011219,0.017555,0
-0.16634,0.013103,0.01715,0
-0.164969,0.011049,0.017911,0
-0.164033,0.008925,0.017834,0
-0.164374,0.008021,0.0184,0
-0.161369,0.009315,0.019031,0
-0.160728,0.00767,0.0185,0
-0.166723,0.003852,0.019392,0
-0.172585,-0.000576,0.023521,0
-0.173916,0.001556,0.023397,0
-0.17163,0.001469,0.022892,0
-0.169434,0.005141,0.021715,0
-0.167409,0.006171,0.020782,0
-0.16671,0.008051,0.019803,0
-0.172361,0.008178,0.021502,0
-0.171582,0.008324,0.021539,0
-0.168559,0.009542,0.019826,0
-0.168965,0.009716,0.020561,0
-0.164706,0.009315,0.018863,0
-0.170509,0.006747,0.021333,0
-0.165212,0.009678,0.018548,0
-0.164999,0.014749,0.01633,0
-0.163267,0.015381,0.016986,0
-0.171168,0.012055,0.021104,0
-0.169817,0.013525,0.019046,0
-0.164521,0.010301,0.016937,0
-0.167933,0.007199,0.020217,0
-0.163203,0.007616,0.019017,0
-0.161331,0.00539,0.018902,0
-0.159768,0.006616,0.02018,0
-0.164407,0.012101,0.017184,0
-0.168601,0.014559,0.016843,0
-0.164897,0.016338,0.015665,0
-0.164622,0.017288,0.015655,0
-0.168401,0.015648,0.016534,0
-0.167118,0.015704,0.016588,0
-0.16874,0.011533,0.020275,0
-0.168308,0.008357,0.020564,0
-0.170126,0.014478,0.017261,0
-0.171617,0.011384,0.019655,0
-0.16698,0.009098,0.019229,0
-0.171806,0.009978,0.019486,0
-0.170168,0.003699,0.020837,0
-0.167794,0.003143,0.020607,0
-0.169269,0.002935,0.022927,0
-0.169652,0.009151,0.020241,0
-0.166105,0.009469,0.018795,0
-0.162525,0.010818,0.017328,0
-0.164405,0.011812,0.017719,0
-0.171521,0.007681,0.019267,0
-0.171584,0.007625,0.020669,0
-0.169139,0.009843,0.019752,0
-0.168231,0.002566,0.021243,0
-0.168344,-0.001174,0.022311,0
-0.166583,-0.001814,0.023521,0
-0.17135,0.001244,0.02323,0
-0.170076,0.001162,0.022685,0
-0.174396,-0.000541,0.024123,0
-0.172581,-0.00408,0.024313,0
-0.166066,0.003193,0.021579,0
-0.166291,0.003297,0.021824,0
-0.169036,0.001197,0.022116,0
-0.173799,0.003484,0.024354,0
-0.170228,0.005745,0.021244,0
-0.161951,0.007755,0.019164,0
-0.164117,0.00705,0.020128,0
-0.17139,0.009551,0.01932,0
-0.172021,0.006562,0.021942,0
-0.165606,0.009964,0.018113,0
-0.16515,0.010169,0.017756,0
-0.166032,0.010301,0.019098,0
-0.172546,0.004658,0.021858,0
-0.16903,0.005169,0.02018,0
-0.168149,0.004065,0.020212,0
-0.168914,0.006333,0.019658,0
-0.164471,0.008758,0.018689,0
-0.172715,0.008412,0.021377,0
-0.171857,0.006376,0.020424,0
-0.167921,0.00477,0.020824,0
-0.16828,0.005675,0.020884,0
-0.171587,-6.8E-05,0.022807,0
-0.177243,-0.003093,0.02566,0
-0.177535,-0.005636,0.026431,0
-0.174151,-0.005213,0.024832,0
-0.173921,-0.002622,0.023994,0
-0.171295,-0.003092,0.022963,0
-0.171842,0.001963,0.022333,0
-0.168914,0.006945,0.020576,0
-0.16461,0.005612,0.02047,0
-0.166561,0.005088,0.020783,0
-0.167078,0.005676,0.020262,0
-0.169686,0.002184,0.022166,0
-0.174066,-0.000573,0.02391,0
-0.168042,-0.000621,0.022106,0
-0.16901,0.007755,0.018726,0
-0.166764,0.00753,0.019362,0
-0.16664,0.005028,0.021408,0
-0.167401,0.007249,0.021305,0
-0.168727,0.006657,0.020778,0
-0.166732,0.00832,0.020322,0
-0.16474,0.008324,0.019489,0
-0.166916,0.004574,0.020945,0
-0.168815,0.001553,0.021627,0
-0.172002,-9.8E-05,0.023731,0
-0.177608,-6.3E-05,0.025045,0
-0.175433,0.002439,0.02238,0
-0.173892,0.004521,0.023479,0
-0.18101,0.001873,0.023633,0
-0.177774,0.002957,0.023515,0
-0.176343,-0.003234,0.025298,0
-0.175371,0.00106,0.023994,0
-0.174987,0.002277,0.023302,0
-0.173432,0.005919,0.022055,0
-0.169734,0.006136,0.020902,0
-0.173006,0.005132,0.021819,0
-0.165923,0.009623,0.018807,0
-0.164639,0.014438,0.016229,0
-0.162987,0.01288,0.01665,0
-0.165351,0.012484,0.018552,0
-0.171824,0.00775,0.021072,0
-0.168195,0.007624,0.019664,0
-0.166857,0.004295,0.020694,0
-0.162311,0.005826,0.018777,0
-0.161651,0.007939,0.018507,0
-0.161952,0.005628,0.018298,0
-0.166628,0.009676,0.017585,0
-0.170286,0.011572,0.018744,0
-0.170537,0.012854,0.01831,0
-0.170097,0.013254,0.018293,0
-0.173674,0.010541,0.019942,0
-0.169851,0.01476,0.016887,0
-0.169197,0.009808,0.019466,0
-0.167599,0.007725,0.019345,0
-0.169196,0.002202,0.021109,0
-0.17232,0.001399,0.023611,0
-0.168278,0.004016,0.02082,0
-0.175501,0.00519,0.022032,0
-0.171874,0.007587,0.020716,0
-0.168379,0.007566,0.019497,0
-0.170767,0.004704,0.022218,0
-0.169676,0.00665,0.019562,0
-0.165689,0.008489,0.020371,0
-0.16999,0.006501,0.020101,0
-0.161261,0.01232,0.01692,0
-0.162611,0.012229,0.017231,0
-0.158551,0.013234,0.016927,0
-0.166776,0.011458,0.019778,0
-0.170418,0.009478,0.020174,0
-0.173853,0.007914,0.021222,0
-0.170165,0.00523,0.021068,0
-0.175589,0.006409,0.02279,0
-0.171833,0.008887,0.020997,0
-0.168249,0.00608,0.019625,0
-0.166043,0.005405,0.019376,0
-0.168653,0.00592,0.019994,0
-0.173621,0.005239,0.021743,0
-0.168678,0.004576,0.020072,0
-0.166169,0.009523,0.01844,0
-0.165674,0.008483,0.019721,0
-0.16709,0.013715,0.016751,0
-0.165376,0.012385,0.017204,0
-0.167372,0.00833,0.018354,0
-0.170667,0.004904,0.021899,0
-0.167441,0.008176,0.019214,0
-0.165073,0.009049,0.019496,0
-0.166852,0.009044,0.018653,0
-0.163534,0.01056,0.017347,0
-0.160064,0.006479,0.018113,0
-0.161403,0.005519,0.020348,0
-0.156864,0.001971,0.02042,0
-0.159191,0.005161,0.019774,0
-0.166952,0.006395,0.019938,0
-0.173024,0.004118,0.024022,0
-0.172224,0.004008,0.021486,0
-0.175336,0.001346,0.023107,0
-0.171929,0.001287,0.022406,0
-0.175932,0.000358,0.024577,0
-0.175581,-0.000143,0.023951,0
-0.17092,0.000358,0.024402,0
-0.167619,0.002598,0.022054,0
-0.171412,0.000266,0.023724,0
-0.17331,-0.000831,0.023525,0
-0.173836,0.000531,0.022973,0
-0.170745,0.004564,0.022765,0
-0.164755,0.007751,0.018821,0
-0.169898,0.008068,0.020743,0
-0.177082,0.004711,0.023453,0
-0.174242,0.009604,0.020907,0
-0.17668,0.009477,0.021328,0
-0.173731,0.006661,0.021817,0
-0.171363,0.005871,0.022135,0
-0.172509,0.004886,0.022068,0
-0.171184,0.002265,0.02336,0
-0.167908,0.005655,0.019988,0
-0.171288,0.004654,0.022442,0
-0.166958,0.005994,0.020551,0
-0.170087,0.005443,0.021928,0
-0.171799,0.004273,0.021916,0
-0.171751,0.003196,0.021952,0
-0.17326,0.003453,0.022523,0
-0.173976,0.000907,0.023896,0
-0.170993,0.005404,0.021182,0
-0.172844,0.005043,0.023196,0
-0.161951,0.006916,0.018413,0
-0.163088,0.011392,0.01866,0
-0.162153,0.013001,0.017825,0
-0.166375,0.011349,0.018248,0
-0.168918,0.008853,0.018105,0
-0.16665,0.008995,0.019543,0
-0.168888,0.004806,0.020889,0
-0.170706,0.006698,0.021052,0
-0.164282,0.009217,0.01888,0
-0.164865,0.004226,0.020452,0
-0.168082,0.002496,0.021802,0
-0.166408,0.000484,0.022832,0
-0.166216,0.006963,0.020753,0
-0.169449,0.006742,0.019534,0
-0.171674,0.007591,0.022098,0
-0.169338,0.0092,0.018678,0
-0.16889,0.009958,0.019617,0
-0.163153,0.010188,0.018754,0
-0.165073,0.011835,0.018628,0
-0.160226,0.018152,0.015156,0
-0.160179,0.012559,0.017087,0
-0.163439,0.008306,0.018155,0
-0.167967,0.002962,0.02198,0
-0.167469,0.005466,0.021698,0
-0.173038,0.003715,0.022488,0
-0.171338,0.004337,0.022128,0
-0.169409,0.008131,0.020637,0
-0.171254,0.006782,0.021887,0
-0.170133,0.004737,0.020338,0
-0.171417,0.001768,0.021592,0
-0.16648,0.006206,0.020389,0
-0.167722,0.007707,0.018592,0
-0.170286,0.002652,0.02124,0
-0.17125,-0.001668,0.023751,0
-0.17716,-0.004295,0.026026,0
-0.176025,-0.004141,0.025472,0
-0.173071,-0.006973,0.025585,0
-0.173464,-0.005388,0.025289,0
-0.173914,-0.002518,0.024924,0
-0.169778,0.000827,0.022959,0
-0.167429,0.000235,0.021317,0
-0.170994,-0.000388,0.024195,0
-0.168578,8E-05,0.021755,0
-0.168462,0.003463,0.021084,0
-0.167179,0.00281,0.021688,0
-0.165909,0.005294,0.019439,0
-0.165655,0.009159,0.018017,0
-0.165602,0.008317,0.019561,0
-0.167802,0.006166,0.019357,0
-0.164965,0.010588,0.016848,0
-0.169988,0.011084,0.020283,0
-0.167128,0.016221,0.01748,0
-0.170339,0.01517,0.017908,0
-0.166627,0.017148,0.014751,0
-0.169581,0.01079,0.01982,0
-0.167266,0.005189,0.021144,0
-0.167929,0.007112,0.019691,0
-0.168582,0.008847,0.019829,0
-0.164823,0.010271,0.018639,0
-0.161538,0.009261,0.018001,0
-0.16293,0.00901,0.017033,0
-0.162488,0.010031,0.018313,0
-0.165806,0.011712,0.018757,0
-0.168341,0.012922,0.016876,0
-0.17234,0.008981,0.019493,0
-0.172222,0.005824,0.020331,0
-0.168163,0.00867,0.018949,0
-0.169369,0.010596,0.018037,0
-0.169477,0.007749,0.021105,0
-0.169781,0.003213,0.02045,0
-0.171978,-0.00162,0.024562,0
-0.166388,0.003153,0.02097,0
-0.17014,0.005833,0.02202,0
-0.166537,0.007141,0.020254,0
-0.169816,0.003163,0.02142,0
-0.173599,0.003687,0.021551,0
-0.165418,0.008838,0.019758,0
-0.166425,0.004302,0.019204,0
-0.168644,0.003828,0.020282,0
-0.169767,0.005001,0.019908,0
-0.169417,0.007071,0.020596,0
-0.167502,0.009135,0.020368,0
-0.166138,0.007985,0.021033,0
-0.165639,0.005104,0.020836,0
-0.166405,0.00437,0.019423,0
-0.169519,0.001562,0.022647,0
-0.17104,3.4E-05,0.021898,0
-0.170524,0.002289,0.021733,0
-0.164223,0.006883,0.018796,0
-0.16289,0.008596,0.018754,0
-0.164759,0.006367,0.019352,0
-0.168566,0.003285,0.022381,0
-0.173046,0.003688,0.024067,0
-0.175002,-0.000981,0.022802,0
-0.171489,0.002229,0.02215,0
-0.168066,0.004073,0.02003,0
-0.169434,0.002662,0.022739,0
-0.170428,0.003039,0.021732,0
-0.172973,-0.000788,0.023623,0
-0.167825,0.001152,0.020711,0
-0.166438,0.004632,0.020145,0
-0.165353,0.00539,0.019304,0
-0.170033,0.004624,0.020414,0
-0.169409,0.002348,0.023487,0
-0.173523,0.003181,0.023417,0
-0.169784,0.003298,0.021392,0
-0.171325,0.007007,0.02156,0
-0.174464,0.004289,0.025124,0
-0.169022,-0.000488,0.022506,0
-0.165689,0.001797,0.021349,0
-0.169992,0.001824,0.022731,0
-0.166147,0.005384,0.021255,0
-0.164265,0.012357,0.017368,0
-0.1677,0.014425,0.017941,0
-0.167823,0.018241,0.016017,0
-0.16675,0.01475,0.016732,0
-0.16501,0.014989,0.015583,0
-0.164389,0.009256,0.018159,0
-0.165698,0.008422,0.019025,0
-0.16645,0.009108,0.019437,0
-0.164349,0.01325,0.017658,0
-0.166829,0.008875,0.019447,0
-0.165204,0.012629,0.017297,0
-0.162288,0.015069,0.015965,0
-0.16015,0.015979,0.015328,0
-0.168909,0.009766,0.020076,0
-0.169351,0.002843,0.021774,0
-0.1722,0.000483,0.023938,0
-0.175856,-0.0029,0.024681,0
-0.16867,-0.007467,0.024275,0
-0.170934,-0.004687,0.024718,0
-0.172233,-0.003656,0.023697,0
-0.169875,0.002703,0.022802,0
-0.164017,0.006396,0.02013,0
-0.165211,0.009951,0.018254,0
-0.167615,0.007498,0.019084,0
-0.167833,0.008633,0.019276,0
-0.16439,0.011299,0.01677,0
-0.161203,0.012597,0.017125,0
-0.165774,0.008288,0.017779,0
-0.168776,0.004256,0.021241,0
-0.17392,0.002699,0.023755,0
-0.175704,0.000531,0.024343,0
-0.180811,0.003108,0.023727,0
-0.180059,0.001399,0.025748,0
-0.173929,-0.000607,0.024032,0
-0.170032,0.000188,0.022541,0
-0.173439,0.004973,0.021414,0
-0.167577,0.006996,0.02066,0
-0.164396,0.010516,0.017759,0
-0.166879,0.012234,0.017818,0
-0.163442,0.012998,0.01602,0
-0.165877,0.015764,0.016002,0
-0.163644,0.017026,0.015563,0
-0.163822,0.017375,0.015842,0
-0.163846,0.012247,0.016616,0
-0.164866,0.0099,0.017952,0
-0.168063,0.00738,0.021151,0
-0.168047,0.009321,0.020632,0
-0.165259,0.010401,0.01827,0
-0.168918,0.015282,0.018087,0
-0.168056,0.015943,0.017497,0
-0.167568,0.012227,0.018383,0
-0.165615,0.009518,0.019121,0
-0.160995,0.003149,0.019405,0
-0.167695,0.002806,0.021366,0
-0.164421,0.004498,0.020181,0
-0.169214,0.008123,0.019991,0
-0.173238,0.008926,0.019851,0
-0.17898,0.006987,0.02367,0
-0.175081,0.006007,0.022353,0
-0.169858,0.005602,0.02203,0
-0.168089,0.0108,0.020057,0
-0.169221,0.007414,0.020047,0
-0.16885,0.007278,0.020983,0
-0.169457,0.009822,0.019216,0
-0.169857,0.008151,0.020095,0
-0.170089,0.006877,0.021397,0
-0.170444,0.008792,0.018693,0
-0.164231,0.008921,0.018194,0
-0.160907,0.007711,0.017143,0
-0.16333,0.0154,0.016009,0
-0.163793,0.01244,0.018325,0
-0.16833,0.016518,0.016779,0
-0.168289,0.015987,0.017669,0
-0.169545,0.010591,0.018479,0
-0.170091,0.005689,0.020597,0
-0.168851,0.005005,0.021321,0
-0.165455,0.005113,0.019349,0
-0.16593,0.004893,0.019989,0
-0.166013,0.007682,0.020296,0
-0.165799,0.008775,0.020215,0
-0.167496,0.011863,0.017693,0
-0.162109,0.010786,0.017078,0
-0.164728,0.013015,0.01775,0
-0.163242,0.011852,0.017565,0
-0.167486,0.009174,0.018771,0
-0.166135,0.004987,0.020369,0
-0.172436,0.005122,0.023118,0
-0.172558,0.00639,0.021417,0
-0.172826,0.004544,0.021661,0
-0.172765,0.00123,0.024375,0
-0.174207,-0.003326,0.024332,0
-0.176462,-0.002621,0.024502,0
-0.16983,0.000232,0.024017,0
-0.177103,-0.00195,0.025836,0
-0.174873,0.001914,0.023767,0
-0.173381,0.002231,0.022963,0
-0.171544,0.004405,0.02166,0
-0.168897,0.00671,0.020912,0
-0.164851,0.008984,0.019128,0
-0.165887,0.012208,0.018516,0
-0.16817,0.011976,0.018111,0
-0.166241,0.009417,0.017834,0
-0.167029,0.012607,0.018696,0
-0.166581,0.011021,0.01867,0
-0.167514,0.011461,0.018885,0
-0.165131,0.014491,0.017715,0
-0.168391,0.014063,0.018693,0
-0.171443,0.007104,0.021905,0
-0.172358,0.005633,0.022474,0
-0.172828,0.003852,0.022871,0
-0.167436,0.008873,0.020122,0
-0.16462,0.010165,0.017253,0
-0.170112,0.005823,0.021096,0
-0.168887,0.0041,0.02045,0
-0.171013,0.001455,0.021936,0
-0.169523,0.003866,0.020923,0
-0.163521,0.004302,0.019026,0
-0.165983,0.003453,0.021731,0
-0.165187,0.005018,0.02114,0
-0.166578,0.003772,0.02095,0
-0.165927,0.01008,0.020292,0
-0.165715,0.012756,0.018345,0
-0.163296,0.014247,0.017139,0
-0.162274,0.011513,0.017156,0
-0.162013,0.013123,0.015434,0
-0.160221,0.016088,0.015458,0
-0.156162,0.017657,0.0135,0
-0.159016,0.014634,0.015626,0
-0.163258,0.01374,0.017603,0
-0.162529,0.00977,0.018671,0
-0.165036,0.006984,0.019317,0
-0.165311,0.007631,0.01885,0
-0.169003,0.0067,0.021162,0
-0.171306,0.004092,0.020816,0
-0.167558,-0.000844,0.023083,0
-0.1712,-0.000573,0.023312,0
-0.172727,0.000835,0.022571,0
-0.166494,-0.000102,0.022782,0
-0.170055,0.00054,0.023387,0
-0.173302,-0.000372,0.02405,0
-0.17151,-0.000772,0.023291,0
-0.168703,-0.001015,0.022758,0
-0.167316,0.002041,0.021404,0
-0.16216,0.00614,0.019449,0
-0.163285,0.008067,0.019322,0
-0.171949,0.005501,0.021748,0
-0.169141,0.004628,0.021002,0
-0.171388,0.007333,0.021087,0
-0.169259,0.00446,0.022483,0
-0.172845,0.002712,0.022984,0
-0.169594,0.005615,0.022265,0
-0.17043,0.007669,0.019889,0
-0.166521,0.003901,0.021392,0
-0.172323,0.00384,0.021631,0
-0.17789,0.00288,0.023301,0
-0.174064,0.006446,0.021522,0
-0.172466,0.004225,0.021447,0
-0.170721,0.006813,0.020954,0
-0.165966,0.005018,0.020817,0
-0.167964,0.006487,0.01898,0
-0.172582,0.007839,0.021308,0
-0.173636,0.004416,0.022978,0
-0.169393,0.001078,0.024009,0
-0.165717,0.004522,0.021164,0
-0.164682,0.004825,0.020281,0
-0.165546,0.000344,0.021225,0
-0.172639,-0.001528,0.024142,0
-0.166635,0.005135,0.021595,0
-0.164694,0.004359,0.020169,0
-0.168202,0.009061,0.019878,0
-0.158232,0.014578,0.013758,0
-0.164099,0.012998,0.017399,0
-0.166585,0.013703,0.017008,0
-0.168665,0.009834,0.019972,0
-0.16557,0.011443,0.018548,0
-0.167369,0.007449,0.020242,0
-0.168419,0.00769,0.02003,0
-0.171315,0.006718,0.020079,0
-0.171863,0.005603,0.02184,0
-0.173086,0.002761,0.022187,0
-0.173586,-0.001569,0.023976,0
-0.167922,0.0036,0.021612,0
-0.163227,0.002547,0.020882,0
-0.167044,0.000896,0.021311,0
-0.171165,0.005703,0.022248,0
-0.175429,0.004158,0.021597,0
-0.166841,0.000848,0.021963,0
-0.16832,-0.004852,0.024457,0
-0.169587,-0.000414,0.023628,0
-0.171599,-0.003236,0.024956,0
-0.176334,1.2E-05,0.023697,0
-0.174617,0.000656,0.023912,0
-0.168774,0.005257,0.021694,0
-0.168303,-0.000222,0.02363,0
-0.170937,-0.001615,0.021925,0
-0.165726,0.005302,0.019623,0
-0.164942,0.005639,0.020761,0
-0.166702,0.005877,0.019567,0
-0.172105,0.008082,0.021079,0
-0.174334,0.004387,0.022564,0
-0.172865,0.003181,0.022529,0
-0.174915,0.001571,0.021787,0
-0.175941,-0.00448,0.026195,0
-0.177542,-0.003873,0.026568,0
-0.177221,-0.003588,0.025203,0
-0.17885,-0.001311,0.025655,0
-0.177854,0.000868,0.024081,0
-0.175744,-0.001487,0.024031,0
-0.181098,-0.005263,0.025552,0
-0.184072,-0.006053,0.028043,0
-0.18163,-0.002622,0.02676,0
-0.180901,-0.002669,0.025665,0
-0.183086,-0.002397,0.026844,0
-0.175036,-0.005944,0.025393,0
-0.170838,-0.005211,0.025622,0
-0.161825,0.001008,0.021091,0
-0.161997,0.003988,0.019221,0
-0.162823,0.004199,0.019729,0
-0.171714,0.003036,0.021529,0
-0.176694,-0.003345,0.025044,0
-0.172649,-0.000481,0.024185,0
-0.169138,0.000955,0.022826,0
-0.171203,0.008464,0.021167,0
-0.17099,0.00827,0.019771,0
-0.163333,0.012388,0.01708,0
-0.170828,0.015371,0.018122,0
-0.173232,0.014323,0.019087,0
-0.169463,0.015578,0.017098,0
-0.166177,0.016611,0.016259,0
-0.171151,0.012799,0.019392,0
-0.171421,0.009613,0.018937,0
-0.166076,0.008609,0.018694,0
-0.171929,0.01277,0.01935,0
-0.167961,0.014629,0.017584,0
-0.168853,0.015035,0.018449,0
-0.169428,0.009945,0.018456,0
-0.171435,0.006877,0.020895,0
-0.168118,0.003457,0.021682,0
-0.16492,0.000926,0.022549,0
-0.166057,0.00341,0.021661,0
-0.172283,0.005784,0.022986,0
-0.173005,0.001776,0.02248,0
-0.167124,0.001625,0.021993,0
-0.163593,0.006242,0.019923,0
-0.166823,0.006946,0.01961,0
-0.172757,-0.001406,0.02534,0
-0.172394,-0.000751,0.023154,0
-0.171425,0.001793,0.022632,0
-0.172462,0.005349,0.021629,0
-0.169718,0.007518,0.020473,0
-0.163969,0.007685,0.017722,0
-0.16557,0.004448,0.021232,0
-0.158983,0.003423,0.019033,0
-0.165023,0.005571,0.020005,0
-0.168974,0.003281,0.020857,0
-0.165632,0.00665,0.019116,0
-0.164128,0.009481,0.01792,0
-0.163213,0.010873,0.018089,0
-0.164809,0.010348,0.018946,0
-0.164923,0.010508,0.018869,0
-0.164811,0.010893,0.017773,0
-0.166244,0.011939,0.018501,0
-0.165399,0.012012,0.017436,0
-0.16524,0.013426,0.01675,0
-0.160903,0.017928,0.01601,0
-0.165384,0.011202,0.017362,0
-0.164689,0.011258,0.017973,0
-0.165598,0.012966,0.01803,0
-0.172501,0.008181,0.020446,0
-0.171435,0.005435,0.02144,0
-0.16699,0.008857,0.018426,0
-0.167774,0.00716,0.020644,0
-0.164997,0.009805,0.019001,0
-0.1669,0.008637,0.018545,0
-0.168589,0.010333,0.017199,0
-0.168035,0.008449,0.02009,0
-0.164115,0.013886,0.017698,0
-0.163042,0.013093,0.017504,0.115518
-0.155104,0.009104,0.017368,0.646944
-0.141852,0.011884,0.013592,0.847854
-0.084827,0.019782,0.001728,0.931513
-0.039752,0.020633,0.019385,0.853489
-0.030439,0.016039,0.028863,0.798006
0.014007,0.021718,0.055905,0.802341
0.034166,0.027211,0.054747,0.748591
0.034114,0.035993,0.068932,0.764413
0.090784,0.040394,0.077257,0.81166
0.129484,0.045726,0.067116,0.822713
0.162005,0.055588,0.057208,0.771782
0.171414,0.055588,0.055092,0.769614
0.184593,0.055588,0.052059,0.7772
0.19291,0.055588,0.046145,0.845254
0.193005,0.055588,0.043861,0.852406
0.26787,0.055588,0.044752,0.821847
0.323971,0.055588,0.02878,0.785219
0.340874,0.055588,0.023515,0.792154
0.348247,0.055588,0.018903,0.790854
0.355283,0.055588,0.014673,0.791504
0.35597,0.055588,0.017313,0.794755
0.371088,0.055588,0.011082,0.797139
0.421152,0.055588,0.012452,0.783485
0.466862,0.055588,0.008427,0.80971
0.488529,0.055588,0.00242,0.787603
0.498185,0.055588,-0.000475,0.772648
0.507743,0.055588,-0.001005,0.850672
0.519023,0.055588,-0.007217,0.793238
0.527968,0.055588,-0.00951,0.787603
0.566765,0.055588,0.002461,0.786953
0.618082,0.055588,-0.001917,0.803641
0.644537,0.055588,-0.010328,0.797139
0.647585,0.055588,-0.007198,0.831816
0.681689,0.055588,-0.016166,0.763329
0.693846,0.055588,-0.017595,0.773082
0.716339,0.055588,-0.007027,0.824447
0.744933,0.055588,-0.000139,0.770264
0.764297,0.055588,-0.00383,0.843086
0.779207,0.055588,-0.011187,0.785219
0.78389,0.055588,0.008398,0.784785
0.825888,0.055588,0.007367,0.807109
0.867693,0.055588,-0.004138,0.786519
0.893305,0.055588,-0.013808,0.773515
0.913785,0.055588,-0.003649,0.803641
0.929919,0.055588,-0.007569,0.799523
0.939102,0.055588,-0.010553,0.827265
0.964421,0.055588,-0.016876,0.795405
0.992508,0.055588,-0.028463,0.813827
1.020761,0.055588,0.006923,0.811443
1.035858,0.055588,0.001755,0.800607
1.073303,0.055588,-0.015945,0.796055
1.087592,0.055588,-0.02558,0.826831
1.114204,0.055588,-0.035345,0.839619
1.127058,0.055588,-0.021548,0.822497
1.142543,0.055588,-0.026587,0.78782
1.169844,0.055588,-0.036223,0.821847
1.163252,0.055588,-0.031216,0.794105
1.175656,0.055588,-0.027878,0.793021
1.179752,0.055588,-0.026371,0.829432
1.203931,0.055588,-0.036926,0.827048
1.246801,0.055588,-0.032119,0.795839
1.288458,0.055588,-0.049977,0.793888
1.323463,0.055588,-0.062559,0.793238
1.350913,0.055588,-0.074036,0.789337
1.35374,0.055588,-0.075373,0.819029
1.355908,0.055588,-0.07718,0.774816
1.354259,0.055588,-0.07554,0.821847
1.360075,0.055588,-0.059491,0.793238
1.375463,0.055588,-0.047581,0.793238
1.412341,0.055588,-0.044099,0.797789
1.44159,0.055588,-0.05462,0.814478
1.487808,0.055588,-0.060371,0.792371
1.499637,0.055588,-0.065336,0.806459
1.504668,0.055588,-0.064511,0.7772
1.522867,0.055588,-0.074114,0.783268
1.553881,0.055588,-0.088015,0.782185
1.558212,0.055588,-0.087932,0.791721
1.552526,0.055588,-0.086,0.794755
1.54675,0.055588,-0.081722,0.794538
1.544433,0.055588,-0.078744,0.808626
1.595881,0.055588,-0.064285,0.805592
1.624998,0.055588,-0.061509,0.818812
1.647709,0.055588,-0.055162,0.754876
1.649499,0.055588,-0.048052,0.794105
1.635814,0.055588,-0.038607,0.818379
1.649615,0.055588,-0.024963,0.796706
1.709625,0.055588,-0.034727,0.827048
1.736087,0.055588,-0.051776,0.804291
1.738624,0.055588,-0.051315,0.790854
1.744764,0.055588,-0.013977,0.794972
1.767134,0.055588,-0.006517,0.826615
1.790437,0.055588,-0.012867,0.795622
1.815654,0.055588,-0.024607,0.796489
1.843217,0.055588,-0.043578,0.831599
1.898751,0.055588,-0.035869,0.830082
1.920407,0.055588,-0.051274,0.795405
1.925787,0.055588,-0.054305,0.81036
1.950907,0.055588,-0.068165,0.792588
1.956069,0.055588,-0.062335,0.767664
1.974892,0.055588,-0.039588,0.760945
1.989574,0.055588,-0.026972,0.796272
2.004835,0.055588,-0.036676,0.825098
2.036346,0.055588,-0.033835,0.793888
2.056768,0.055588,-0.047788,0.83225
2.063637,0.055588,-0.027464,0.825748
2.081102,0.055588,-0.020864,0.795405
2.099114,0.055588,-0.033925,0.766147
2.130471,0.055588,-0.054525,0.808626
2.141802,0.055588,-0.034996,0.766147
2.149417,0.055588,-0.015671,0.795189
2.192099,0.055588,-0.021478,0.799306
2.219419,0.055588,-0.025482,0.828999
2.275687,0.055588,-0.04725,0.796706
2.332391,0.055588,-0.073118,0.76658
2.363474,0.055588,-0.07215,0.792154
2.377963,0.055588,-0.088426,0.801474
2.39699,0.055588,-0.076895,0.796922
2.41882,0.055588,-0.091442,0.796489
2.441193,0.055588,-0.080679,0.806242
2.46681,0.055588,-0.077338,0.798006
2.498296,0.055588,-0.068188,0.795189
2.514905,0.055588,-0.082788,0.824447
2.506222,0.055588,-0.046175,0.827265
2.494485,0.055588,-0.025927,0.791721
2.490076,0.055588,-0.017041,0.774382
2.490276,0.055588,0.016511,0.824881
2.502249,0.055588,0.014482,0.805592
2.506061,0.055588,0.041107,0.795405
2.520242,0.055588,0.063251,0.796055
2.5403,0.055588,0.051547,0.789554
2.570673,0.055588,0.03147,0.794755
2.553204,0.055588,0.050829,0.792371
2.554709,0.055588,0.113112,0.826615
2.574096,0.055588,0.10063,0.706545
2.597894,0.055588,0.084033,0.554183
2.60557,0.055588,0.080701,0.511487
2.629979,0.055588,0.089745,0.490681
2.644764,0.055588,0.089599,0.460772
2.683714,0.055588,0.045208,0.473775
2.712244,0.055588,0.020222,0.496532
2.731516,0.055588,-0.001826,0.47811
2.765726,0.041247,-0.031044,0.442349
2.77819,0.025883,-0.040763,0.524491
2.790535,0.012568,-0.055046,0.540962
2.797568,-0.006554,-0.067885,0.529476
2.833823,0.000101,-0.124009,0.522323
2.858191,-0.00985,-0.182459,0.507152
2.853449,-0.01864,-0.182611,0.495449
2.850333,-0.021343,-0.18174,0.520373
2.857387,-0.023716,-0.19144,0.489814
2.873989,-0.016214,-0.226724,0.50065
2.889525,-0.012371,-0.238142,0.510837
2.899182,-0.014624,-0.249068,0.485696
2.901668,-0.018526,-0.253545,0.4443
2.912916,-0.026164,-0.264792,0.473342
2.934959,-0.037013,-0.287819,0.503468
2.920398,-0.047666,-0.314337,0.530342
2.90749,-0.054785,-0.310681,0.493498
2.923395,-0.07165,-0.334488,0.514088
2.951012,-0.074987,-0.401233,0.495665
2.978762,-0.082491,-0.421855,0.480277
2.988178,-0.091481,-0.431483,0.498049
2.990304,-0.103044,-0.446141,0.476376
3.009752,-0.129894,-0.470176,0.483745
3.007319,-0.150412,-0.467825,0.52124
3.003607,-0.154276,-0.499096,0.533377
3.00278,-0.163518,-0.505626,0.492198
3.015151,-0.180696,-0.529042,0.493065
3.025606,-0.232013,-0.54417,0.496966
3.01637,-0.272068,-0.548701,0.458388
3.027571,-0.320197,-0.572588,0.498049
3.026922,-0.353333,-0.591318,0.473775
3.032018,-0.379918,-0.608255,0.47876
3.046482,-0.406509,-0.62876,0.494148
3.093157,-0.406593,-0.706562,0.518639
3.122543,-0.415434,-0.728205,0.496532
3.118778,-0.424806,-0.76777,0.509319
3.128781,-0.420168,-0.799338,0.497616
3.143011,-0.432562,-0.821732,0.482011
3.15806,-0.449697,-0.841185,0.474426
3.155886,-0.448936,-0.842251,0.491981
3.155309,-0.457267,-0.851457,0.52319
3.172944,-0.468794,-0.891566,0.485262
3.173894,-0.475915,-0.905834,0.470524
3.175083,-0.499978,-0.897764,0.517555
3.163006,-0.536799,-0.898034,0.505635
3.167063,-0.602071,-0.979738,0.472475
3.158832,-0.623472,-1.001681,0.510403
3.144408,-0.637697,-1.002506,0.510403
3.149762,-0.655639,-1.026921,0.508886
3.156759,-0.663867,-1.048966,0.482228
3.181714,-0.677782,-1.102332,0.506068
3.20759,-0.693072,-1.123321,0.506935
3.217908,-0.700952,-1.135188,0.506935
3.220802,-0.698073,-1.13894,0.527958
3.220802,-0.695925,-1.135862,0.47811
3.220802,-0.69303,-1.134116,0.49003
3.220802,-0.717213,-1.090444,0.48873
3.220802,-0.722198,-1.088686,0.505635
3.220802,-0.719917,-1.084984,0.531209
3.220802,-0.724087,-1.040049,0.483312
3.220802,-0.736115,-1.025941,0.528825
3.220802,-0.74502,-1.031763,0.491547
3.220802,-0.75292,-1.040475,0.529909
3.220802,-0.7752,-1.014474,0.501084
3.220802,-0.804352,-1.03363,0.480277
3.220802,-0.812715,-1.096903,0.498049
3.220802,-0.811827,-1.100158,0.497616
3.220802,-0.824475,-1.115267,0.497399
3.220802,-0.833047,-1.126595,0.493932
3.220802,-0.848106,-1.14953,0.613351
3.220802,-0.867395,-1.165056,0.769831
3.220802,-0.8872,-1.18662,0.782401
3.220802,-0.927754,-1.227279,0.846121
3.220802,-0.957639,-1.248158,0.819246
3.220802,-0.961639,-1.255311,0.804508
3.220802,-0.989668,-1.237328,0.807542
3.220802,-1.012984,-1.225903,0.78977
3.220802,-1.060306,-1.265363,0.798006
3.220802,-1.095575,-1.256119,0.837018
3.220802,-1.109072,-1.262007,0.847204
3.220802,-1.116035,-1.260613,0.795622
3.220802,-1.135907,-1.276423,0.78847
3.220802,-1.153093,-1.258677,0.798006
3.220802,-1.172677,-1.235573,0.784569
3.220802,-1.20622,-1.25867,0.802557
3.220802,-1.222162,-1.269436,0.799306
3.220802,-1.236154,-1.25288,0.807326
3.220802,-1.236228,-1.252811,0.836801
3.220802,-1.232528,-1.248756,0.78977
3.220802,-1.249007,-1.257241,0.794755
3.220802,-1.266559,-1.295054,0.768097
3.220802,-1.284362,-1.317819,0.791504
3.220802,-1.308438,-1.318831,0.799957
3.220802,-1.339641,-1.334403,0.796922
3.220802,-1.383953,-1.364185,0.806675
3.220802,-1.39449,-1.368059,0.780017
3.220802,-1.391648,-1.368365,0.7772
3.220802,-1.393386,-1.371059,0.788253
3.220802,-1.410506,-1.38085,0.794322
3.220802,-1.426148,-1.39818,0.795622
3.220802,-1.444473,-1.411709,0.806675
3.220802,-1.474712,-1.430802,0.796055
3.220802,-1.488869,-1.439965,0.811877
3.220802,-1.485833,-1.439095,0.791938
3.220802,-1.512211,-1.425606,0.823147
3.220802,-1.5162,-1.417879,0.82098
3.220802,-1.54038,-1.440142,0.822063
3.220802,-1.568538,-1.46366,0.804508
3.220802,-1.5927,-1.470018,0.795189
3.220802,-1.62371,-1.479691,0.777633
3.220802,-1.655885,-1.503165,0.510403
3.220802,-1.657492,-1.504025,0.495665
3.220802,-1.652681,-1.500286,0.51127
3.220802,-1.669848,-1.486619,0.504118
3.220802,-1.674066,-1.487127,0.491114
3.220802,-1.682062,-1.531938,0.505418
3.220802,-1.686213,-1.541073,0.507586
3.220802,-1.711461,-1.56749,0.462289
3.220802,-1.743099,-1.587882,0.499783
3.220802,-1.756334,-1.604312,0.542696
3.220802,-1.754224,-1.603718,0.527091
3.220802,-1.758969,-1.63156,0.519506
3.232033,-1.775363,-1.650687,0.519506
3.226315,-1.789873,-1.669455,0.474642
3.218903,-1.804201,-1.686384,0.484612
3.214546,-1.823364,-1.69631,0.485912
3.213854,-1.840423,-1.703947,0.524707
3.246052,-1.848083,-1.781916,0.530993
3.251869,-1.874009,-1.823273,0.496966
3.246737,-1.892535,-1.822745,0.502384
3.236091,-1.906853,-1.836731,0.473125
3.207951,-1.928657,-1.870355,0.514738
3.20448,-1.933354,-1.880963,0.514954
3.189339,-1.955939,-1.890368,0.496532
3.174784,-1.979886,-1.904421,0.489597
3.142417,-1.989109,-1.946774,0.481795
3.140572,-2.001163,-1.978317,0.545947
3.130902,-2.018626,-1.991993,0.474859
3.141815,-2.024951,-2.004914,0.48938
3.143276,-2.014062,-2.006518,0.52124
3.11887,-2.021971,-2.03331,0.496749
3.105462,-2.029512,-2.038775,0.474209
3.070918,-2.054207,-2.074675,0.50065
3.053081,-2.057404,-2.086157,0.469658
3.037651,-2.082003,-2.130958,0.517555
3.018604,-2.110853,-2.146119,0.538145
3.006208,-2.119463,-2.163743,0.502167
2.991541,-2.118059,-2.182276,0.512137
2.976263,-2.117252,-2.189761,0.50997
2.940999,-2.135851,-2.222233,0.492198
2.929523,-2.144574,-2.228676,0.480711
2.944657,-2.131098,-2.241291,0.48873
2.940504,-2.122747,-2.254784,0.487646
2.910131,-2.120984,-2.275878,0.489814
2.928394,-2.132578,-2.301079,0.507586
2.918352,-2.140443,-2.306596,0.500867
2.908906,-2.14916,-2.313725,0.541396
2.88106,-2.156247,-2.343916,0.472475
2.833879,-2.165296,-2.37739,0.529692
2.806915,-2.170993,-2.39538,0.470308
2.785239,-2.179722,-2.409162,0.506285
2.763468,-2.182513,-2.423443,0.489814
2.783545,-2.18442,-2.474885,0.495449
2.785281,-2.188377,-2.483088,0.519289
2.774158,-2.191467,-2.490033,0.524924
2.773281,-2.184069,-2.490752,0.512137
2.775634,-2.17814,-2.488661,0.498916
2.739682,-2.176964,-2.522677,0.519939
2.702639,-2.178311,-2.553436,0.479627
2.676802,-2.181912,-2.568159,0.490897
2.662111,-2.185048,-2.576357,0.466623
2.639921,-2.188718,-2.616286,0.527958
2.619175,-2.196077,-2.648752,0.498916
2.586288,-2.203594,-2.662923,0.572172
2.564704,-2.202639,-2.667936,0.744473
2.55673,-2.19707,-2.672597,0.793021
2.571997,-2.188028,-2.708068,0.845037
2.567659,-2.188597,-2.708421,0.825748
2.521337,-2.189859,-2.734315,0.86541
2.499109,-2.193034,-2.743119,0.835284
2.477794,-2.204104,-2.752654,0.799523
2.471698,-2.20606,-2.75532,0.759861
2.435756,-2.208301,-2.7288,0.749892
2.417567,-2.212257,-2.734439,0.797139
2.411508,-2.219289,-2.736272,0.785436
2.398375,-2.238507,-2.742186,0.802774
2.389073,-2.248424,-2.748155,0.806675
2.39731,-2.251596,-2.745585,0.827698
2.348901,-2.248973,-2.743823,0.795839
2.319671,-2.253298,-2.752391,0.782401
2.283125,-2.276994,-2.774329,0.759211
2.267639,-2.289769,-2.788755,0.79974
2.230412,-2.301294,-2.80028,0.806675
2.200293,-2.311721,-2.808528,0.774166
2.152605,-2.32494,-2.839409,0.788687
2.076651,-2.329328,-2.89596,0.790854
2.057181,-2.324217,-2.904183,0.802124
2.046576,-2.324075,-2.909223,0.785869
2.045124,-2.326137,-2.908448,0.790854
2.040968,-2.325021,-2.910761,0.759645
2.02373,-2.330235,-2.924206,0.795839
2.011407,-2.301294,-2.934487,0.778067
1.979406,-2.301294,-2.961498,0.803424
1.943125,-2.301294,-2.996789,0.825314
1.914625,-2.301294,-3.020176,0.781318
1.90775,-2.301294,-3.028334,0.794755
1.894613,-2.301294,-3.04136,0.763329
1.865459,-2.301294,-3.064583,0.827698
1.816129,-2.301294,-3.089352,0.835067
1.792011,-2.301294,-3.105292,0.792371
1.789439,-2.301294,-3.107002,0.800824
1.752825,-2.301294,-3.119523,0.823147
1.734666,-2.301294,-3.130861,0.796706
1.724562,-2.301294,3.126426,0.767013
1.71198,-2.301294,3.129693,0.81231
1.714009,-2.301294,3.127107,0.804075
1.70875,-2.301294,3.124412,0.790204
1.678591,-2.301294,3.133122,0.824664
1.661251,-2.301294,3.131004,0.792371
1.650601,-2.301294,3.128,0.800824
1.636187,-2.301294,3.122457,0.790204
1.626724,-2.301294,3.1195,0.797139
1.613573,-2.301294,3.114414,0.795405
1.565231,-2.301294,3.105949,0.803424
1.518259,-2.301294,3.096549,0.79042
1.481381,-2.301294,3.10609,0.802124
1.477725,-2.301294,3.106075,0.790637
1.473947,-2.301294,3.105655,0.805592
1.468627,-2.301294,3.105477,0.792154
1.42848,-2.301294,3.092136,0.795405
1.422054,-2.301294,3.088484,0.802124
1.387768,-2.301294,3.087526,0.790204
1.357103,-2.301294,3.090549,0.802774
1.316837,-2.301294,3.104937,0.789987
1.31701,-2.301294,3.111834,0.796055
1.313354,-2.301294,3.115276,0.796489
1.298058,-2.301294,3.112862,0.794538
1.256499,-2.301294,3.114799,0.824231
1.262817,-2.301294,3.134101,0.785869
1.259235,-2.301294,-3.124663,0.786303
1.260182,-2.301294,-3.120899,0.82098
1.25143,-2.301294,-3.122863,0.820329
1.246154,-2.301294,-3.123809,0.790204
1.201783,-2.301294,-3.124938,0.823797
1.171741,-2.301294,-3.136883,0.796922
1.136977,-2.301294,3.127066,0.825964
1.133581,-2.301294,3.123422,0.802124
1.107118,-2.301294,-3.127697,0.760078
1.073987,-2.301294,-3.139857,0.804508
1.068446,-2.301294,-3.135262,0.825531
1.055294,-2.301294,-3.139797,0.793021
1.025616,-2.301294,-3.117367,0.792371
0.9912,-2.301294,-3.140115,0.78782
0.967394,-2.301294,3.128352,0.78782
0.934375,-2.301294,3.125626,0.790204
0.932928,-2.301294,-3.127888,0.791721
0.930221,-2.301294,-3.125603,0.793021
0.895034,-2.301294,-3.104203,0.791287
0.874959,-2.301294,-3.119742,0.791071
0.84761,-2.301294,-3.133258,0.826398
0.840337,-2.301294,-3.138485,0.806025
0.814847,-2.301294,-3.13483,0.791071
0.800264,-2.301294,-3.141563,0.804508
0.78267,-2.301294,-3.083975,0.821847
0.762525,-2.301294,-3.097996,0.782185
0.75402,-2.301294,-3.102025,0.793238
0.74902,-2.301294,-3.100264,0.802774
0.705828,-2.301294,-3.108893,0.805808
0.677969,-2.301294,-3.102937,0.82293
0.626782,-2.301294,-3.116112,0.794322
0.617155,-2.301294,-3.121966,0.822713
0.617951,-2.301294,-3.124157,0.823797
0.588424,-2.301294,-3.120719,0.811227
0.581979,-2.301294,-3.076383,0.78912
0.567119,-2.301294,-3.067495,0.824231
0.535959,-2.301294,-3.048708,0.821847
0.49522,-2.301294,-3.069123,0.788687
0.486096,-2.301294,-3.076244,0.824231
0.448133,-2.301294,-3.068597,0.819463
0.42683,-2.301294,-3.086021,0.794322
0.381926,-2.301294,-3.107003,0.831599
0.37709,-2.301294,-3.087811,0.793021
0.375131,-2.301294,-3.085661,0.826181
0.330933,-2.301294,-3.080916,0.790637
0.289132,-2.301294,-3.11601,0.793671
0.257896,-2.301294,-3.121112,0.823797
0.203832,-2.301294,3.140711,0.804075
0.196212,-2.301294,3.136058,0.789987
0.148505,-2.301294,3.135442,0.808843
0.108605,-2.301294,3.105665,0.82358
0.09141,-2.301294,3.091842,0.791721
0.046074,-2.301294,3.099831,0.805158
-0.01962,-2.301294,3.077053,0.794972
-0.0682,-2.301294,3.037046,0.763979
-0.094933,-2.301294,3.021699,0.771998
-0.133546,-2.301294,3.036303,0.831599
-0.153252,-2.301294,3.021183,0.828782
-0.18558,-2.301294,3.035877,0.820546
-0.203582,-2.301294,3.026355,0.791504
-0.243384,-2.231359,3.03932,0.762679
-0.257759,-2.220282,3.032142,0.808409
-0.269677,-2.21252,3.022247,0.84417
-0.292798,-2.1998,3.048742,0.796272
-0.306399,-2.196004,3.041463,0.793455
-0.317066,-2.191487,3.030919,0.793888
-0.324984,-2.188095,3.0255,0.795405
-0.347246,-2.18237,3.054143,0.721283
-0.356414,-2.179826,3.04958,0.528825
-0.373061,-2.17951,3.037402,0.542479
-0.394167,-2.173325,3.064283,0.520156
-0.40607,-2.173733,3.057213,0.489163
-0.415831,-2.175494,3.046319,0.468574
-0.434615,-2.175578,3.027862,0.493281
-0.449576,-2.173027,3.009707,0.510403
-0.464139,-2.165743,2.984251,0.510186
-0.468592,-2.157589,2.97586,0.499133
-0.479319,-2.153401,2.961182,0.479844
-0.498275,-2.140113,2.929769,0.517339
-0.506895,-2.132549,2.920507,0.4987
-0.526439,-2.119885,2.888874,0.537711
-0.528744,-2.110449,2.877723,0.474859
-0.541596,-2.098396,2.863214,0.482661
-0.557868,-2.088703,2.846874,0.463156
-0.558254,-2.086456,2.853847,0.514954
-0.569255,-2.080752,2.88715,0.495882
-0.581622,-2.077211,2.895473,0.507802
-0.600784,-2.074288,2.885648,0.481795
-0.608589,-2.069074,2.919873,0.495665
-0.617598,-2.073156,2.93946,0.514521
-0.647817,-2.077889,2.984121,0.503684
-0.65647,-2.085884,2.987967,0.472042
-0.672426,-2.084952,3.03027,0.51192
-0.688131,-2.09084,3.02309,0.474642
-0.708416,-2.092465,3.012886,0.495015
-0.726617,-2.093436,3.00173,0.505418
-0.729881,-2.096162,2.998746,0.486563
-0.743307,-2.095505,2.986344,0.4987
-0.756042,-2.095994,2.973977,0.516038
-0.763592,-2.089384,2.959118,0.527308
-0.768929,-2.083174,2.947665,0.56502
-0.783452,-2.072043,2.924828,0.718899
-0.808718,-2.058976,2.902414,0.841569
-0.819279,-2.04912,2.887834,0.839619
-0.827361,-2.041073,2.874871,0.841136
-0.838245,-2.03023,2.865352,0.796055
-0.842118,-2.025616,2.861306,0.701994
-0.843566,-2.02299,2.860767,0.522107
-0.858828,-2.017303,2.893375,0.467057
-0.875978,-2.013187,2.881032,0.496099
-0.896891,-2.003694,2.86536,0.508886
-0.911026,-1.995977,2.853496,0.482445
-0.910268,-1.993374,2.846521,0.466623
-0.917957,-1.983203,2.832698,0.517555
-0.919279,-1.97462,2.827062,0.552449
-0.916156,-1.96137,2.809825,0.539228
-0.91527,-1.948127,2.789337,0.487213
-0.918002,-1.943916,2.739929,0.511487
-0.927402,-1.933839,2.722712,0.503251
-0.940879,-1.921618,2.704508,0.472692
-0.93245,-1.913033,2.696019,0.482661
-0.928698,-1.909907,2.68894,0.495449
-0.931037,-1.908769,2.652431,0.536194
-0.940371,-1.902935,2.644595,0.513004
-0.944949,-1.8918,2.660276,0.525574
-0.947661,-1.884397,2.617003,0.473775
-0.959417,-1.869831,2.592018,0.47616
-0.96776,-1.86244,2.555739,0.490681
-0.969871,-1.85288,2.5577,0.472258
-0.968804,-1.847149,2.532502,0.508886
-0.968474,-1.841798,2.517355,0.514738
-0.962646,-1.839655,2.517731,0.492631
-0.963594,-1.833096,2.492661,0.503901
-0.97471,-1.813233,2.492549,0.46619
-0.971102,-1.810842,2.463927,0.496316
-0.97883,-1.787255,2.477941,0.51192
-0.990103,-1.764623,2.45053,0.543997
-1.004831,-1.73612,2.411103,0.501517
-1.01366,-1.716825,2.387556,0.48938
-1.024299,-1.696778,2.359232,0.493065
-1.027397,-1.679392,2.339185,0.485262
-1.032125,-1.664184,2.329623,0.503251
-1.033585,-1.652196,2.321111,0.479194
-1.042206,-1.630206,2.302342,0.506935
-1.069037,-1.595434,2.277487,0.499567
-1.08097,-1.575416,2.274264,0.482228
-1.075415,-1.566501,2.31656,0.509319
-1.073921,-1.563246,2.323376,0.473992
-1.070492,-1.562824,2.324975,0.480494
-1.084449,-1.557384,2.330126,0.534244
-1.091644,-1.545735,2.363338,0.478977
-1.111005,-1.535398,2.357396,0.504335
-1.124707,-1.52756,2.357564,0.513654
-1.148069,-1.509603,2.325288,0.503251
-1.150615,-1.503714,2.314398,0.497616
-1.156924,-1.497423,2.306844,0.483745
-1.162561,-1.483246,2.290245,0.514738
-1.167707,-1.47353,2.284984,0.506285
-1.171863,-1.462019,2.2721,0.52319
-1.174495,-1.457518,2.242682,0.502384
-1.177185,-1.453228,2.221711,0.528825
-1.177185,-1.440539,2.208118,0.521456
-1.177185,-1.424516,2.196378,0.51192
-1.177185,-1.418869,2.17726,0.489814
-1.177185,-1.4212,2.152502,0.480494
-1.177185,-1.420064,2.145849,0.523407
-1.177185,-1.411751,2.13945,0.505418
-1.177185,-1.404402,2.12834,0.502384
-1.177185,-1.380136,2.118713,0.501517
-1.177185,-1.352563,2.099537,0.493498
-1.177185,-1.338546,2.076978,0.522107
-1.177185,-1.325937,2.048698,0.508669
-1.177185,-1.322951,2.04344,0.491764
-1.177185,-1.313542,2.041733,0.453836
-1.177185,-1.300355,2.092163,0.486563
-1.177185,-1.291022,2.10425,0.549415
-1.177185,-1.290472,2.110785,0.635891
-1.177185,-1.290263,2.109891,0.729519
-1.177185,-1.274938,2.107811,0.758778
-1.177185,-1.258347,2.10005,0.819463
-1.177185,-1.243875,2.145854,0.763762
-1.177185,-1.236153,2.142744,0.539662
-1.177185,-1.231413,2.148522,0.545297
-1.177185,-1.21782,2.125019,0.442566
-1.177185,-1.202593,2.120029,0.476376
-1.177185,-1.198887,2.096966,0.485696
-1.177185,-1.188298,2.07564,0.48743
-1.177185,-1.176733,2.052565,0.501951
-1.177185,-1.162846,2.040557,0.524274
-1.177185,-1.145114,2.035685,0.542696
-1.177185,-1.123229,1.99779,0.59948
-1.177185,-1.09225,1.987941,0.720633
-1.177185,-1.043344,1.950538,0.851322
-1.177185,-1.024079,1.930887,0.846121
-1.177185,-1.016325,1.921569,0.840702
-1.177185,-1.006496,1.917499,0.803641
-1.177185,-0.980727,1.920896,0.799306
-1.177185,-0.955831,1.918482,0.761812
-1.177185,-0.932942,1.909422,0.782618
-1.177185,-0.900788,1.895934,0.797789
-1.177185,-0.871832,1.884989,0.838101
-1.177185,-0.869101,1.870366,0.784352
-1.177185,-0.85742,1.86003,0.794538
-1.177185,-0.853121,1.859206,0.798006
-1.177185,-0.826289,1.843222,0.808626
-1.177185,-0.806524,1.833321,0.781534
-1.177185,-0.781501,1.811619,0.776983
-1.177185,-0.759667,1.801311,0.797356
-1.177185,-0.725178,1.78586,0.77655
-1.177185,-0.677983,1.763602,0.827915
-1.177185,-0.662334,1.75282,0.820113
-1.177185,-0.663897,1.754147,0.827698
-1.177185,-0.649399,1.745134,0.808843
-1.177185,-0.646605,1.742971,0.793021
-1.177185,-0.614039,1.724146,0.793888
-1.177185,-0.565213,1.703918,0.807542
-1.177185,-0.56191,1.698959,0.783485
-1.177185,-0.554825,1.690273,0.78977
-1.177185,-0.536445,1.683259,0.739055
-1.177185,-0.503511,1.673877,0.512787
-1.177185,-0.475492,1.65373,0.496749
-1.177185,-0.472667,1.646512,0.483962
-1.177185,-0.465052,1.629615,0.463589
-1.177185,-0.449691,1.621138,0.465973
-1.177185,-0.445684,1.615118,0.480711
-1.177185,-0.431965,1.587223,0.52189
-1.177185,-0.422585,1.578732,0.510186
-1.177185,-0.409953,1.525622,0.513437
-1.177185,-0.397452,1.495074,0.5
-1.177185,-0.390562,1.491554,0.509753
-1.177185,-0.380886,1.484538,0.498266
-1.177185,-0.376456,1.464304,0.489814
-1.177185,-0.357966,1.455302,0.515821
-1.177185,-0.338055,1.398666,0.532076
-1.177185,-0.333481,1.3972,0.482228
-1.177185,-0.302267,1.362814,0.518422
-1.177185,-0.28724,1.355466,0.490897
-1.177185,-0.292518,1.342307,0.490681
-1.177185,-0.286612,1.339033,0.533593
-1.177185,-0.28955,1.334748,0.491764
-1.177185,-0.268041,1.288729,0.524491
-1.177185,-0.259092,1.269938,0.492414
-1.177185,-0.244135,1.258839,0.493281
-1.177185,-0.238868,1.246803,0.485262
-1.177185,-0.244003,1.204228,0.511053
-1.177185,-0.218816,1.173142,0.491547
-1.177185,-0.214884,1.160163,0.475076
-1.177185,-0.201158,1.138495,0.488296
-1.175703,-0.184781,1.107169,0.513437
-1.144189,-0.16819,1.090399,0.508886
-1.109476,-0.160146,1.086691,0.502384
-1.073427,-0.151568,1.071738,0.495665
-1.054566,-0.152065,1.067957,0.539662
-1.082014,-0.144522,1.023472,0.474859
-1.086487,-0.136059,1.001277,0.52124
-1.075204,-0.121633,0.998269,0.478977
-1.056537,-0.107055,0.981162,0.508453
-1.026987,-0.089252,0.961816,0.476376
-0.991416,-0.085751,0.931061,0.51192
-0.980379,-0.084105,0.906398,0.516255
-0.970257,-0.07877,0.900148,0.473559
-0.97422,-0.058882,0.869714,0.491331
-0.962356,-0.053979,0.857082,0.479194
-0.920614,-0.046202,0.823548,0.475076
-0.888694,-0.028058,0.811648,0.483095
-0.884278,-0.032054,0.779427,0.478977
-0.887012,-0.036973,0.782094,0.488296
-0.863636,-0.034266,0.76774,0.482011
-0.868755,-0.019673,0.723417,0.503468
-0.859309,-0.017715,0.728348,0.505635
-0.85601,-0.020297,0.719526,0.5
-0.833488,-0.023789,0.702539,0.496966
-0.80642,-0.017809,0.650478,0.521456
-0.784724,-0.017678,0.64075,0.498483
-0.799154,-0.018767,0.627723,0.517772
-0.821465,-0.017858,0.627568,0.534027
-0.831059,-0.026417,0.620644,0.480928
-0.822785,-0.028307,0.598417,0.52124
-0.811607,-0.027931,0.591992,0.494365
-0.781775,-0.023456,0.567582,0.510186
-0.743821,-0.017563,0.551012,0.518205
-0.716082,-0.016792,0.535292,0.483962
-0.729632,-0.013959,0.493482,0.504768
-0.693671,0.000819,0.483903,0.504985
-0.65798,-0.001812,0.466753,0.519723
-0.672126,-0.008676,0.447125,0.52384
-0.643881,-0.001507,0.41568,0.739489
-0.595492,0.002709,0.390664,0.791938
-0.571154,0.003917,0.374817,0.878847
-0.542016,0.005772,0.362298,0.847204
-0.509976,0.013164,0.357983,0.823797
-0.486786,0.018921,0.348168,0.780451
-0.470893,0.022436,0.344585,0.793021
-0.480005,0.017665,0.346091,0.795189
-0.463973,0.020115,0.34261,0.811443
-0.454424,0.022459,0.339143,0.80971
-0.442293,0.029547,0.33265,0.788036
-0.400641,0.038137,0.336615,0.831166
-0.356196,0.046681,0.32493,0.785869
-0.301221,0.063685,0.285931,0.821413
-0.24652,0.046681,0.246996,0.798656
-0.228478,0.046681,0.24428,0.789987
-0.216139,0.046681,0.237839,0.817078
-0.191769,0.046681,0.232009,0.802991
-0.197412,0.046681,0.207064,0.801907
-0.197741,0.046681,0.195378,0.795189
-0.168984,0.046681,0.175565,0.821847
-0.140445,0.046681,0.159497,0.793455
-0.138507,0.046681,0.141619,0.796489
-0.136675,0.046681,0.145906,0.797139
-0.092175,0.046681,0.123533,0.836368
-0.071903,0.046681,0.113384,0.812527
-0.045924,0.046681,0.095906,0.815778
-0.017884,0.046681,0.080016,0.789987
0.024397,0.046681,0.063265,0.796272
0.04381,0.046681,0.052118,0.794538
0.056627,0.046681,0.026105,0.796706
0.070259,0.046681,0.019392,0.798223
0.095362,0.046681,0.006892,0.830949
0.125855,0.046681,-0.01217,0.82358
0.143534,0.046681,-0.018253,0.827265
0.158364,0.046681,-0.02222,0.82163
0.179363,0.046681,-0.031689,0.78782
0.192633,0.046681,-0.030191,0.810793
0.241632,0.046681,-0.02816,0.844603
0.277255,0.046681,-0.035481,0.799306
0.290418,0.046681,-0.040028,0.828782
0.349937,0.046681,-0.058,0.762896
0.356382,0.046681,-0.059569,0.791071
0.354327,0.046681,-0.061903,0.824447
0.351837,0.046681,-0.061762,0.806025
0.413461,0.046681,-0.051099,0.757044
0.455537,0.046681,-0.061285,0.796272
0.4879,0.046681,-0.070598,0.825748
0.485773,0.046681,-0.069664,0.793888
0.488964,0.046681,-0.068413,0.807109
0.498384,0.046681,-0.066985,0.804725
0.494532,0.046681,-0.067929,0.758778
0.548795,0.046681,-0.051348,0.758344
0.569432,0.046681,-0.042771,0.864759
0.594844,0.046681,-0.055606,0.804941
0.62762,0.046681,-0.051358,0.815128
0.642162,0.046681,-0.033194,0.795622
0.6964,0.046681,-0.03224,0.794755
0.706326,0.046681,-0.036949,0.832466
0.717516,0.046681,-0.041074,0.803858
0.746089,0.046681,-0.03837,0.793671
0.773173,0.046681,-0.016747,0.798006
0.805701,0.046681,-0.023537,0.809276
0.848506,0.046681,-0.016175,0.823797
0.87438,0.046681,-0.012761,0.772865
0.894175,0.046681,-0.020258,0.794755
0.922613,0.046681,-0.027718,0.819029
0.94027,0.046681,-0.018303,0.82358
0.962859,0.046681,-0.02069,0.590377
0.955096,0.046681,-0.018091,0.346337
0.943951,0.046681,-0.012115,0.462939
0.958001,0.046681,-0.011228,0.332466
0.988142,0.046681,0.016572,0.208062
1.01517,0.046681,0.006915,0.062202
1.031518,0.046681,-0.002617,0.028825
1.047288,0.046681,-0.008067,0.018856
1.056063,0.046681,-0.01501,0.013871
1.06002,0.046681,-0.016938,0.011053
1.061872,0.046681,-0.017447,0.008453
1.052518,0.046681,-0.014459,0.007152
1.055406,0.046681,-0.015786,0.006068
1.052187,0.046681,-0.013341,0.005202
1.053897,0.046681,-0.014656,0.004335
1.056466,0.046681,-0.015647,0.003901
1.064322,0.046681,-0.016413,0.003901
1.071668,0.046681,-0.02213,0.003684
1.070982,0.046681,-0.02326,0.003251
1.074685,0.046681,-0.025302,0.003034
1.067064,0.046681,-0.01938,0.002818
1.068529,0.046681,-0.019585,0.002601
1.070928,0.046681,-0.021582,0.002601
1.064208,0.046681,-0.019118,0.002384
1.064775,0.046681,-0.018335,0.002384
1.067151,0.046681,-0.020434,0.002167
1.067969,0.046681,-0.019335,0.002167
1.068803,0.046681,-0.020319,0.002167
1.061623,0.046681,-0.017698,0.001951
1.062863,0.046681,-0.018112,0.001951
1.059306,0.046681,-0.017007,0.001951
1.059812,0.046681,-0.018177,0.001734
1.067846,0.046681,-0.022433,0.001734
1.070408,0.046681,-0.019756,0.001734
1.073008,0.046681,-0.022199,0.001517
1.07372,0.046681,-0.022917,0.001517
1.067694,0.046681,-0.020762,0.001517
1.067012,0.046681,-0.020128,0.001517
1.071829,0.046681,-0.020666,0.0013
1.067285,0.046681,-0.019601,0.0013
1.066666,0.046681,-0.019534,0.0013
1.075663,0.046681,-0.023092,0.0013
1.072553,0.046681,-0.023879,0.0013
1.06759,0.046681,-0.022658,0.001084
1.06593,0.046681,-0.021213,0.001084
1.068518,0.046681,-0.02187,0.001084
1.073061,0.046681,-0.025614,0.001084
1.076164,0.046681,-0.024559,0.001084
1.069348,0.046681,-0.021963,0.001084
1.07193,0.046681,-0.022005,0.001084
1.073855,0.046681,-0.022541,0.001084
1.073329,0.046681,-0.023208,0.000867
1.073596,0.046681,-0.022732,0.000867
1.068975,0.046681,-0.018878,0.000867
1.069615,0.046681,-0.022239,0.000867
1.073076,0.046681,-0.022026,0.000867
1.073051,0.046681,-0.02136,0.000867
1.073188,0.046681,-0.022224,0.000867
1.074066,0.046681,-0.022176,0.000867
1.072807,0.046681,-0.023286,0.000867
1.069522,0.046681,-0.019673,0.000867
1.064891,0.046681,-0.01724,0.000867
1.071424,0.046681,-0.020578,0.000867
1.070886,0.046681,-0.02263,0.00065
1.072907,0.046681,-0.023934,0.00065
1.068371,0.046681,-0.018597,0.00065
1.065069,0.046681,-0.018472,0.00065
1.064417,0.046681,-0.020353,0.00065
1.063406,0.046681,-0.019422,0.00065
1.061365,0.046681,-0.019812,0.00065
1.061375,0.046681,-0.019608,0.00065
1.058202,0.046681,-0.017298,0.00065
1.064464,0.046681,-0.021772,0.00065
1.066633,0.046681,-0.021811,0.00065
1.067249,0.046681,-0.022028,0.00065
1.073739,0.046681,-0.021339,0.00065
1.074991,0.046681,-0.023959,0.00065
1.072815,0.046681,-0.019401,0.00065
1.072189,0.046681,-0.020966,0.00065
1.070009,0.046681,-0.021974,0.00065
1.06981,0.046681,-0.020716,0.00065
1.063853,0.046681,-0.015904,0.00065
1.067764,0.046681,-0.020934,0.00065
1.068002,0.046681,-0.019914,0.000433
1.067457,0.046681,-0.020349,0.000433
1.059603,0.046681,-0.015655,0.000433
1.060606,0.046681,-0.0179,0.000433
1.069864,0.046681,-0.020464,0.000433
1.070554,0.046681,-0.022838,0.000433
1.071209,0.046681,-0.022771,0.000433
1.073353,0.046681,-0.024655,0.000433
1.071747,0.046681,-0.023303,0.000433
1.06805,0.046681,-0.019703,0.000433
1.059275,0.046681,-0.016453,0.000433
1.057258,0.046681,-0.013217,0.000433
1.063905,0.046681,-0.017091,0.000433
1.059555,0.046681,-0.018663,0.000433
1.063603,0.046681,-0.019565,0.000433
1.060845,0.046681,-0.019159,0.000433
1.062228,0.046681,-0.018561,0.000433
1.06818,0.046681,-0.022321,0.000433
1.073017,0.046681,-0.020736,0.000433
1.069647,0.046681,-0.020833,0.000433
1.073512,0.046681,-0.023154,0.000433
1.070826,0.046681,-0.019871,0.000433
1.068772,0.046681,-0.022811,0.000433
1.065836,0.046681,-0.020339,0.000433
1.064514,0.046681,-0.018746,0.000433
1.062606,0.046681,-0.01731,0.000433
1.063319,0.046681,-0.018204,0.000433
1.064937,0.046681,-0.018784,0.000433
1.06513,0.046681,-0.018231,0.000433
1.069403,0.046681,-0.022136,0.000433
1.07137,0.046681,-0.021763,0.000433
1.07938,0.046681,-0.02573,0.000433
1.082081,0.046681,-0.025595,0.000433
1.078586,0.046681,-0.02671,0.000433
1.082549,0.046681,-0.027256,0.000433
1.081399,0.046681,-0.026431,0.000433
1.077387,0.046681,-0.025216,0.000433
1.077005,0.046681,-0.023297,0.000433
1.067792,0.046681,-0.021374,0.000433
1.063048,0.046681,-0.017735,0.000433
1.06258,0.046681,-0.019172,0.000433
1.063696,0.046681,-0.018413,0.000217
1.072373,0.046681,-0.024123,0.000217
1.075216,0.046681,-0.024792,0.000217
1.077599,0.046681,-0.025282,0.000217
1.077733,0.046681,-0.025821,0.000217
1.072735,0.046681,-0.023651,0.000217
1.073223,0.046681,-0.022056,0.000217
1.073947,0.046681,-0.02307,0.000217
1.073305,0.046681,-0.02425,0.000217
1.073447,0.046681,-0.02252,0.000217
1.066269,0.046681,-0.020026,0.000217
1.062526,0.046681,-0.018172,0.000217
1.069787,0.046681,-0.019317,0.000217
1.068765,0.046681,-0.021425,0.000217
1.07134,0.046681,-0.021478,0.000217
1.073304,0.046681,-0.022341,0.000217
1.07708,0.046681,-0.023924,0.000217
1.071224,0.046681,-0.020666,0.000217
1.069606,0.046681,-0.023796,0.000217
1.076467,0.046681,-0.024792,0.000217
1.072587,0.046681,-0.021751,0.000217
1.071159,0.046681,-0.022665,0.000217
1.071341,0.046681,-0.021557,0.000217
1.063857,0.046681,-0.0188,0.000217
1.058188,0.046681,-0.015982,0.000217
1.059693,0.046681,-0.016326,0.000217
1.058703,0.046681,-0.017203,0.000217
1.066053,0.046681,-0.020525,0.000217
1.061914,0.046681,-0.015265,0.000217
1.061878,0.046681,-0.016977,0.000217
1.071036,0.046681,-0.022955,0.000217
1.070234,0.046681,-0.02162,0.000217
1.072973,0.046681,-0.022279,0.000217
1.084355,0.046681,-0.027498,0.000217
1.079032,0.046681,-0.024949,0.000217
1.080971,0.046681,-0.025512,0.000217
1.07713,0.046681,-0.023761,0.000217
1.07702,0.046681,-0.023319,0.000217
1.079398,0.046681,-0.024789,0.000217
1.077116,0.046681,-0.024145,0.000217
1.077623,0.046681,-0.022748,0.000217
1.074625,0.046681,-0.025746,0.000217
1.069686,0.046681,-0.020224,0.000217
1.062,0.046681,-0.017751,0.000217
1.057007,0.046681,-0.016079,0.000217
1.066557,0.046681,-0.021572,0.000217
1.065353,0.046681,-0.019427,0.000217
1.064757,0.046681,-0.017539,0.000217
1.065217,0.046681,-0.019258,0.000217
1.064175,0.046681,-0.019376,0.000217
1.065695,0.046681,-0.020914,0.000217
1.071129,0.046681,-0.021739,0.000217
1.072501,0.046681,-0.021071,0.000217
1.071164,0.046681,-0.018441,0.000217
1.068192,0.046681,-0.02013,0.000217
1.066428,0.046681,-0.018917,0.000217
1.068968,0.046681,-0.022704,0.000217
1.063516,0.046681,-0.018349,0.000217
1.067436,0.046681,-0.018569,0.000217
1.066308,0.046681,-0.017707,0.000217
1.065239,0.046681,-0.01753,0.000217
1.069553,0.046681,-0.019291,0.000217
1.077825,0.046681,-0.022896,0.000217
1.077064,0.046681,-0.024568,0.000217
1.080348,0.046681,-0.024317,0.000217
1.076214,0.046681,-0.024946,0.000217
1.069609,0.046681,-0.021864,0.000217
